Date,Needle Mover,Energy Leak,Must Happen Tomorrow,Self Instruction,Energy (1-10),ONE Thing Completed (Y/N),Notes
2026-02-26,Protected ONE Thing block,Phone interruptions after lunch,Ship one Venturr deliverable,One block then react,7,Y,First day of system — focus on establishing the rhythm
2026-02-27,Closed key operator loop,Late admin drift,Finish weekly review draft,Batch admin — stop drip,6,N,Admin bled into build time — need stricter boundary
2026-02-28,Rest + recovery,Overthinking strategy,Pick next week's ONE Thing,Choose one lever not ten,8,Y,Weekend reset — energy restored
2026-03-01,Prepared weekly plan,No major leak today,Execute Monday morning block,Trust the system — show up,7,Y,Sunday prep complete — lead domino chosen
2026-03-02,Executed first protected block,Crew phone calls during block,Complete quoting for priority job,Phone on silent during ONE Thing,6,Y,Block held but interruptions tested discipline
2026-03-03,Shipped Venturr build output,Context switching between tracks,Review architect block output,Stay in one track per block,7,Y,Architect block #1 delivered
2026-03-04,Resolved top operator bottleneck,Supplier delay consumed morning,Prepare midweek calibration data,Batch supplier comms to window,5,N,Operator noise higher than expected — recalibrate
2026-03-05,Architect block #2 completed,Email checking between tasks,Ship second Venturr deliverable,Close email during deep work,8,Y,Strong session — two outputs shipped this week
2026-03-06,Weekly calibration completed,End-of-week fatigue,Rest and recover,Protect weekend energy,6,Y,Review done — next week's ONE Thing locked
2026-03-07,Light admin batching,Social media distraction,Prepare Monday block materials,Minimal screen time on weekends,7,N,Keep Saturday light — recovery matters
